model,epoch,avg_loss,best_loss,epoch_time_sec,avg_batch_time_sec,num_batches,batch_size,learning_rate,saved_best,best_model_path,last_model_path
faster_rcnn_crater,1,0.6953397512435913,0.6953397512435913,23.695861101150513,0.9150685596466065,25,4,0.0001,True,/content/drive/MyDrive/ece-533-final-project/weights/torchvision/faster_rcnn_crater_best.pth,/content/drive/MyDrive/ece-533-final-project/weights/torchvision/faster_rcnn_crater_last.pth
faster_rcnn_crater,2,0.46931484758853914,0.46931484758853914,22.350882291793823,0.8829918384552002,25,4,0.0001,True,/content/drive/MyDrive/ece-533-final-project/weights/torchvision/faster_rcnn_crater_best.pth,/content/drive/MyDrive/ece-533-final-project/weights/torchvision/faster_rcnn_crater_last.pth
faster_rcnn_crater,3,0.4052714627981186,0.4052714627981186,21.525543928146362,0.8412867736816406,25,4,0.0001,True,/content/drive/MyDrive/ece-533-final-project/weights/torchvision/faster_rcnn_crater_best.pth,/content/drive/MyDrive/ece-533-final-project/weights/torchvision/faster_rcnn_crater_last.pth
faster_rcnn_crater,4,0.34415205240249636,0.34415205240249636,21.71476149559021,0.8518072509765625,25,4,0.0001,True,/content/drive/MyDrive/ece-533-final-project/weights/torchvision/faster_rcnn_crater_best.pth,/content/drive/MyDrive/ece-533-final-project/weights/torchvision/faster_rcnn_crater_last.pth
faster_rcnn_crater,5,0.3204741767048836,0.3204741767048836,22.431283712387085,0.8754539012908935,25,4,0.0001,True,/content/drive/MyDrive/ece-533-final-project/weights/torchvision/faster_rcnn_crater_best.pth,/content/drive/MyDrive/ece-533-final-project/weights/torchvision/faster_rcnn_crater_last.pth
faster_rcnn_crater,6,0.30324997901916506,0.30324997901916506,22.08730149269104,0.866487922668457,25,4,0.0001,True,/content/drive/MyDrive/ece-533-final-project/weights/torchvision/faster_rcnn_crater_best.pth,/content/drive/MyDrive/ece-533-final-project/weights/torchvision/faster_rcnn_crater_last.pth
faster_rcnn_crater,7,0.2882000035047531,0.2882000035047531,21.686453580856323,0.8543142127990723,25,4,0.0001,True,/content/drive/MyDrive/ece-533-final-project/weights/torchvision/faster_rcnn_crater_best.pth,/content/drive/MyDrive/ece-533-final-project/weights/torchvision/faster_rcnn_crater_last.pth
faster_rcnn_crater,8,0.27568618923425675,0.27568618923425675,22.041205644607544,0.8638296318054199,25,4,0.0001,True,/content/drive/MyDrive/ece-533-final-project/weights/torchvision/faster_rcnn_crater_best.pth,/content/drive/MyDrive/ece-533-final-project/weights/torchvision/faster_rcnn_crater_last.pth
faster_rcnn_crater,9,0.24179985612630844,0.24179985612630844,21.970523595809937,0.8614955711364746,25,4,0.0001,True,/content/drive/MyDrive/ece-533-final-project/weights/torchvision/faster_rcnn_crater_best.pth,/content/drive/MyDrive/ece-533-final-project/weights/torchvision/faster_rcnn_crater_last.pth
faster_rcnn_crater,10,0.23815220296382905,0.23815220296382905,21.93209719657898,0.8605777740478515,25,4,0.0001,True,/content/drive/MyDrive/ece-533-final-project/weights/torchvision/faster_rcnn_crater_best.pth,/content/drive/MyDrive/ece-533-final-project/weights/torchvision/faster_rcnn_crater_last.pth
faster_rcnn_crater,11,0.20125864006578922,0.20125864006578922,21.72008490562439,0.8530429172515869,25,4,0.0001,True,/content/drive/MyDrive/ece-533-final-project/weights/torchvision/faster_rcnn_crater_best.pth,/content/drive/MyDrive/ece-533-final-project/weights/torchvision/faster_rcnn_crater_last.pth
faster_rcnn_crater,12,0.20088195592164992,0.20088195592164992,22.38306951522827,0.8719476890563965,25,4,0.0001,True,/content/drive/MyDrive/ece-533-final-project/weights/torchvision/faster_rcnn_crater_best.pth,/content/drive/MyDrive/ece-533-final-project/weights/torchvision/faster_rcnn_crater_last.pth
faster_rcnn_crater,13,0.174244794100523,0.174244794100523,21.77734684944153,0.8578781318664551,25,4,0.0001,True,/content/drive/MyDrive/ece-533-final-project/weights/torchvision/faster_rcnn_crater_best.pth,/content/drive/MyDrive/ece-533-final-project/weights/torchvision/faster_rcnn_crater_last.pth
faster_rcnn_crater,14,0.17424060456454754,0.17424060456454754,21.788965225219727,0.8552418899536133,25,4,0.0001,True,/content/drive/MyDrive/ece-533-final-project/weights/torchvision/faster_rcnn_crater_best.pth,/content/drive/MyDrive/ece-533-final-project/weights/torchvision/faster_rcnn_crater_last.pth
faster_rcnn_crater,15,0.16007664307951927,0.16007664307951927,22.16433572769165,0.8705113410949707,25,4,0.0001,True,/content/drive/MyDrive/ece-533-final-project/weights/torchvision/faster_rcnn_crater_best.pth,/content/drive/MyDrive/ece-533-final-project/weights/torchvision/faster_rcnn_crater_last.pth
faster_rcnn_crater,16,0.1633697944879532,0.16007664307951927,21.918214559555054,0.8617032623291015,25,4,0.0001,False,/content/drive/MyDrive/ece-533-final-project/weights/torchvision/faster_rcnn_crater_best.pth,/content/drive/MyDrive/ece-533-final-project/weights/torchvision/faster_rcnn_crater_last.pth
faster_rcnn_crater,17,0.14814967811107635,0.14814967811107635,22.203612565994263,0.8671738243103028,25,4,0.0001,True,/content/drive/MyDrive/ece-533-final-project/weights/torchvision/faster_rcnn_crater_best.pth,/content/drive/MyDrive/ece-533-final-project/weights/torchvision/faster_rcnn_crater_last.pth
faster_rcnn_crater,18,0.13499994575977325,0.13499994575977325,21.865366458892822,0.8593644618988037,25,4,0.0001,True,/content/drive/MyDrive/ece-533-final-project/weights/torchvision/faster_rcnn_crater_best.pth,/content/drive/MyDrive/ece-533-final-project/weights/torchvision/faster_rcnn_crater_last.pth
faster_rcnn_crater,19,0.13676399365067482,0.13499994575977325,21.759782075881958,0.8569927501678467,25,4,0.0001,False,/content/drive/MyDrive/ece-533-final-project/weights/torchvision/faster_rcnn_crater_best.pth,/content/drive/MyDrive/ece-533-final-project/weights/torchvision/faster_rcnn_crater_last.pth
faster_rcnn_crater,20,0.1288840091228485,0.1288840091228485,21.60351848602295,0.849720983505249,25,4,0.0001,True,/content/drive/MyDrive/ece-533-final-project/weights/torchvision/faster_rcnn_crater_best.pth,/content/drive/MyDrive/ece-533-final-project/weights/torchvision/faster_rcnn_crater_last.pth
faster_rcnn_crater,21,0.13644891619682312,0.1288840091228485,21.85586929321289,0.8586059665679932,25,4,0.0001,False,/content/drive/MyDrive/ece-533-final-project/weights/torchvision/faster_rcnn_crater_best.pth,/content/drive/MyDrive/ece-533-final-project/weights/torchvision/faster_rcnn_crater_last.pth
faster_rcnn_crater,22,0.12995169505476953,0.1288840091228485,21.77866768836975,0.8572556781768799,25,4,0.0001,False,/content/drive/MyDrive/ece-533-final-project/weights/torchvision/faster_rcnn_crater_best.pth,/content/drive/MyDrive/ece-533-final-project/weights/torchvision/faster_rcnn_crater_last.pth
faster_rcnn_crater,23,0.12595442086458206,0.12595442086458206,21.80471658706665,0.8567494201660156,25,4,0.0001,True,/content/drive/MyDrive/ece-533-final-project/weights/torchvision/faster_rcnn_crater_best.pth,/content/drive/MyDrive/ece-533-final-project/weights/torchvision/faster_rcnn_crater_last.pth
faster_rcnn_crater,24,0.13188065700232982,0.12595442086458206,22.08499789237976,0.8651775646209717,25,4,0.0001,False,/content/drive/MyDrive/ece-533-final-project/weights/torchvision/faster_rcnn_crater_best.pth,/content/drive/MyDrive/ece-533-final-project/weights/torchvision/faster_rcnn_crater_last.pth
faster_rcnn_crater,25,0.1003289271867834,0.1003289271867834,21.958415031433105,0.8615400409698486,25,4,0.0001,True,/content/drive/MyDrive/ece-533-final-project/weights/torchvision/faster_rcnn_crater_best.pth,/content/drive/MyDrive/ece-533-final-project/weights/torchvision/faster_rcnn_crater_last.pth
faster_rcnn_crater,26,0.1024957124888897,0.1003289271867834,21.94209885597229,0.8636881446838379,25,4,0.0001,False,/content/drive/MyDrive/ece-533-final-project/weights/torchvision/faster_rcnn_crater_best.pth,/content/drive/MyDrive/ece-533-final-project/weights/torchvision/faster_rcnn_crater_last.pth
faster_rcnn_crater,27,0.09480792209506035,0.09480792209506035,21.876204013824463,0.8569885349273682,25,4,0.0001,True,/content/drive/MyDrive/ece-533-final-project/weights/torchvision/faster_rcnn_crater_best.pth,/content/drive/MyDrive/ece-533-final-project/weights/torchvision/faster_rcnn_crater_last.pth
faster_rcnn_crater,28,0.09867096938192844,0.09480792209506035,22.230797052383423,0.8628650760650635,25,4,0.0001,False,/content/drive/MyDrive/ece-533-final-project/weights/torchvision/faster_rcnn_crater_best.pth,/content/drive/MyDrive/ece-533-final-project/weights/torchvision/faster_rcnn_crater_last.pth
faster_rcnn_crater,29,0.10367867559194564,0.09480792209506035,21.701037168502808,0.8539584827423096,25,4,0.0001,False,/content/drive/MyDrive/ece-533-final-project/weights/torchvision/faster_rcnn_crater_best.pth,/content/drive/MyDrive/ece-533-final-project/weights/torchvision/faster_rcnn_crater_last.pth
faster_rcnn_crater,30,0.09179118178784847,0.09179118178784847,22.09457278251648,0.85783278465271,25,4,0.0001,True,/content/drive/MyDrive/ece-533-final-project/weights/torchvision/faster_rcnn_crater_best.pth,/content/drive/MyDrive/ece-533-final-project/weights/torchvision/faster_rcnn_crater_last.pth
faster_rcnn_crater,31,0.12242919996380806,0.09179118178784847,22.01394248008728,0.8656855010986328,25,4,0.0001,False,/content/drive/MyDrive/ece-533-final-project/weights/torchvision/faster_rcnn_crater_best.pth,/content/drive/MyDrive/ece-533-final-project/weights/torchvision/faster_rcnn_crater_last.pth
faster_rcnn_crater,32,0.11994809247553348,0.09179118178784847,22.16974925994873,0.8638458251953125,25,4,0.0001,False,/content/drive/MyDrive/ece-533-final-project/weights/torchvision/faster_rcnn_crater_best.pth,/content/drive/MyDrive/ece-533-final-project/weights/torchvision/faster_rcnn_crater_last.pth
faster_rcnn_crater,33,0.10804994225502014,0.09179118178784847,21.843830108642578,0.8587481594085693,25,4,0.0001,False,/content/drive/MyDrive/ece-533-final-project/weights/torchvision/faster_rcnn_crater_best.pth,/content/drive/MyDrive/ece-533-final-project/weights/torchvision/faster_rcnn_crater_last.pth
faster_rcnn_crater,34,0.08825742304325104,0.08825742304325104,21.899187088012695,0.8553571510314941,25,4,0.0001,True,/content/drive/MyDrive/ece-533-final-project/weights/torchvision/faster_rcnn_crater_best.pth,/content/drive/MyDrive/ece-533-final-project/weights/torchvision/faster_rcnn_crater_last.pth
faster_rcnn_crater,35,0.09043559148907661,0.08825742304325104,21.82030725479126,0.8622275543212891,25,4,0.0001,False,/content/drive/MyDrive/ece-533-final-project/weights/torchvision/faster_rcnn_crater_best.pth,/content/drive/MyDrive/ece-533-final-project/weights/torchvision/faster_rcnn_crater_last.pth
faster_rcnn_crater,36,0.08935809820890427,0.08825742304325104,21.70749306678772,0.8538269710540771,25,4,0.0001,False,/content/drive/MyDrive/ece-533-final-project/weights/torchvision/faster_rcnn_crater_best.pth,/content/drive/MyDrive/ece-533-final-project/weights/torchvision/faster_rcnn_crater_last.pth
faster_rcnn_crater,37,0.08347566574811935,0.08347566574811935,21.830944538116455,0.8558399295806884,25,4,0.0001,True,/content/drive/MyDrive/ece-533-final-project/weights/torchvision/faster_rcnn_crater_best.pth,/content/drive/MyDrive/ece-533-final-project/weights/torchvision/faster_rcnn_crater_last.pth
faster_rcnn_crater,38,0.07720291115343571,0.07720291115343571,21.997451782226562,0.8629523658752442,25,4,0.0001,True,/content/drive/MyDrive/ece-533-final-project/weights/torchvision/faster_rcnn_crater_best.pth,/content/drive/MyDrive/ece-533-final-project/weights/torchvision/faster_rcnn_crater_last.pth
faster_rcnn_crater,39,0.07372350610792637,0.07372350610792637,22.01686954498291,0.8641274547576905,25,4,0.0001,True,/content/drive/MyDrive/ece-533-final-project/weights/torchvision/faster_rcnn_crater_best.pth,/content/drive/MyDrive/ece-533-final-project/weights/torchvision/faster_rcnn_crater_last.pth
faster_rcnn_crater,40,0.07743921093642711,0.07372350610792637,22.119170665740967,0.867982406616211,25,4,0.0001,False,/content/drive/MyDrive/ece-533-final-project/weights/torchvision/faster_rcnn_crater_best.pth,/content/drive/MyDrive/ece-533-final-project/weights/torchvision/faster_rcnn_crater_last.pth
faster_rcnn_crater,41,0.07744757901877165,0.07372350610792637,21.980440616607666,0.8597263240814209,25,4,0.0001,False,/content/drive/MyDrive/ece-533-final-project/weights/torchvision/faster_rcnn_crater_best.pth,/content/drive/MyDrive/ece-533-final-project/weights/torchvision/faster_rcnn_crater_last.pth
faster_rcnn_crater,42,0.09569114319980145,0.07372350610792637,21.778197288513184,0.8619409847259522,25,4,0.0001,False,/content/drive/MyDrive/ece-533-final-project/weights/torchvision/faster_rcnn_crater_best.pth,/content/drive/MyDrive/ece-533-final-project/weights/torchvision/faster_rcnn_crater_last.pth
faster_rcnn_crater,43,0.0937102560698986,0.07372350610792637,22.09438920021057,0.8590709590911865,25,4,0.0001,False,/content/drive/MyDrive/ece-533-final-project/weights/torchvision/faster_rcnn_crater_best.pth,/content/drive/MyDrive/ece-533-final-project/weights/torchvision/faster_rcnn_crater_last.pth
faster_rcnn_crater,44,0.08391607522964478,0.07372350610792637,21.749529600143433,0.8555959701538086,25,4,0.0001,False,/content/drive/MyDrive/ece-533-final-project/weights/torchvision/faster_rcnn_crater_best.pth,/content/drive/MyDrive/ece-533-final-project/weights/torchvision/faster_rcnn_crater_last.pth
faster_rcnn_crater,45,0.06886382959783077,0.06886382959783077,21.851303815841675,0.8578410148620605,25,4,0.0001,True,/content/drive/MyDrive/ece-533-final-project/weights/torchvision/faster_rcnn_crater_best.pth,/content/drive/MyDrive/ece-533-final-project/weights/torchvision/faster_rcnn_crater_last.pth
faster_rcnn_crater,46,0.06314531438052655,0.06314531438052655,21.82432508468628,0.8607412242889404,25,4,0.0001,True,/content/drive/MyDrive/ece-533-final-project/weights/torchvision/faster_rcnn_crater_best.pth,/content/drive/MyDrive/ece-533-final-project/weights/torchvision/faster_rcnn_crater_last.pth
faster_rcnn_crater,47,0.07609393764287234,0.06314531438052655,22.052579164505005,0.8643856239318848,25,4,0.0001,False,/content/drive/MyDrive/ece-533-final-project/weights/torchvision/faster_rcnn_crater_best.pth,/content/drive/MyDrive/ece-533-final-project/weights/torchvision/faster_rcnn_crater_last.pth
faster_rcnn_crater,48,0.07932259500026703,0.06314531438052655,21.92736577987671,0.8616729545593261,25,4,0.0001,False,/content/drive/MyDrive/ece-533-final-project/weights/torchvision/faster_rcnn_crater_best.pth,/content/drive/MyDrive/ece-533-final-project/weights/torchvision/faster_rcnn_crater_last.pth
faster_rcnn_crater,49,0.0953773219883442,0.06314531438052655,21.83045983314514,0.8586827945709229,25,4,0.0001,False,/content/drive/MyDrive/ece-533-final-project/weights/torchvision/faster_rcnn_crater_best.pth,/content/drive/MyDrive/ece-533-final-project/weights/torchvision/faster_rcnn_crater_last.pth
faster_rcnn_crater,50,0.08128307662904262,0.06314531438052655,21.90430521965027,0.8601965713500976,25,4,0.0001,False,/content/drive/MyDrive/ece-533-final-project/weights/torchvision/faster_rcnn_crater_best.pth,/content/drive/MyDrive/ece-533-final-project/weights/torchvision/faster_rcnn_crater_last.pth
